_id,match_id,date,type,client_ip
ObjectId(5c3e11905115394e9164340b),5c3e11905115396951643408,2019-01-15T17:00:00.611Z,400,184.22.218.93
ObjectId(5c3e1192b996463f4e2d8087),5c3e1192b996469e292d8081,2019-01-15T17:00:02.464Z,400,58.11.10.21
ObjectId(5c3e1192e2b8cf2838b7b5c4),5c3e1192e2b8cf2038b7b5bb,2019-01-15T17:00:02.826Z,400,223.24.169.162
ObjectId(5c3e119231131c94e9ef2cbc),5c3e119231131cf6e0ef2cb6,2019-01-15T17:00:02.787Z,400,49.49.242.195
ObjectId(5c3e11936b845315168c7123),5c3e11936b8453d1a58c711d,2019-01-15T17:00:03.484Z,400,124.121.140.7
ObjectId(5c3e1193ca3edff2b286ca6e),5c3e1193ca3edf8de986ca69,2019-01-15T17:00:03.603Z,400,182.53.20.244
ObjectId(5c3e1193e04b1069c62b2de6),5c3e1193e04b100b542b2de0,2019-01-15T17:00:03.803Z,400,27.130.55.226
ObjectId(5c3e1195c096f60020754b6d),5c3e1195c096f63749754b58,2019-01-15T17:00:05.197Z,400,124.121.197.246
ObjectId(5c3e1195c096f63c16754b6b),5c3e1195c096f63749754b58,2019-01-15T17:00:05.197Z,400,49.48.124.142
