_id,match_id,date,type,client_ip,account.name
ObjectId(5c62fb92776701a2296c62f2),5c62fb91776701424a6c62ed,2019-02-12T17:00:02.269Z,400,184.82.31.119,NutZa
ObjectId(5c62fb93f74ebfb500e82059),5c62fb93f74ebf0aefe82054,2019-02-12T17:00:03.983Z,400,223.205.247.204,IMTzKornPK
ObjectId(5c62fb93fe6a361db00851f1),5c62fb93fe6a3680730851eb,2019-02-12T17:00:03.933Z,400,223.206.238.126,Prarak
ObjectId(5c62fb907ad1e042a18966f2),5c62fb907ad1e03c338966ec,2019-02-12T17:00:00.895Z,400,124.120.125.223,BllnS709
ObjectId(5c62fb908af0b1180dfb8fef),5c62fb908af0b13115fb8fea,2019-02-12T17:00:00.747Z,400,101.109.180.115,Xorin
ObjectId(5c62fb97e541c13da5ee4d73),5c62fb96e541c1eef5ee4d6d,2019-02-12T17:00:07.083Z,400,119.76.8.226,Onemol2e
ObjectId(5c62fb97e541c12b8aee4d72),5c62fb96e541c1eef5ee4d6d,2019-02-12T17:00:07.083Z,400,180.183.127.79,13Alisson
ObjectId(5c62fb972615e6834c2544e1),5c62fb972615e64b792544db,2019-02-12T17:00:07.419Z,400,58.9.108.252,VerYHoTTo
ObjectId(5c62fb98ff66a3528cae3e05),5c62fb98ff66a342faae3e02,2019-02-12T17:00:08.313Z,400,125.25.191.176,VTGBIG
